"gx1 [mm]","Freq [GHz]","dB(S(1,1)) []"
1.6,4.8,-0.731346125552682
1.6,4.82,-0.748087379377671
1.6,4.84,-0.787701728634746
1.6,4.86,-0.846765614966799
1.6,4.88,-0.924093527364881
1.6,4.9,-1.01996311191479
1.6,4.92,-1.13575070715566
1.6,4.94,-1.27378825679608
1.6,4.96,-1.43735450546254
1.6,4.98,-1.63076168624986
1.6,5,-1.85952415666284
1.6,5.02,-2.13061100374092
1.6,5.04,-2.4527972570992
1.6,5.06,-2.83714270695411
1.6,5.08,-3.29764881000091
1.6,5.1,-3.85218186228352
1.6,5.12,-4.5238225412973
1.6,5.14,-5.34294615414861
1.6,5.16,-6.35063825790413
1.6,5.18,-7.60469712023979
1.6,5.2,-9.19089845995568
1.6,5.22,-11.2451637488566
1.6,5.24,-13.9947961720342
1.6,5.26,-17.7640325753465
1.6,5.28,-21.7263600450357
1.6,5.3,-20.0798101616538
1.6,5.32,-16.0099491150094
1.6,5.34,-12.9469344934001
1.6,5.36,-10.7219490596222
1.6,5.38,-9.04363774159649
1.6,5.4,-7.73569699364123
1.6,5.42,-6.69126520892787
1.6,5.44,-5.84170445026799
1.6,5.46,-5.14050910652829
1.6,5.48,-4.55481569239013
1.6,5.5,-4.06064922689279
1.6,5.52,-3.64009726078576
1.6,5.54,-3.27953860624368
1.6,5.56,-2.96848294737812
1.6,5.58,-2.69878288991485
1.6,5.6,-2.46408326889382
1.6,5.62,-2.25942700316942
1.6,5.64,-2.08096680631154
1.6,5.66,-1.92574924620058
1.6,5.68,-1.79154780460758
1.6,5.7,-1.6767278122133
1.6,5.72,-1.5801302124065
1.6,5.74,-1.50096419748839
1.6,5.76,-1.43870169284471
1.6,5.78,-1.39297001021243
1.6,5.8,-1.36344299258148
1.6,5.82,-1.34973539839174
1.6,5.84,-1.35130932496682
1.6,5.86,-1.36740391441581
1.6,5.88,-1.39699917674534
1.6,5.9,-1.43882091539716
1.6,5.92,-1.4913870584381
1.6,5.94,-1.55308802601184
1.6,5.96,-1.62228752337177
1.6,5.98,-1.69742729601476
1.6,6,-1.77712056994222
1.6,6.02,-1.86022331555646
1.6,6.04,-1.94587838559401
1.6,6.06,-2.03353317371563
1.6,6.08,-2.12293548000941
1.6,6.1,-2.21411431999045
1.6,6.12,-2.30735270099484
1.6,6.14,-2.40315848633249
1.6,6.16,-2.50223799320923
1.6,6.18,-2.60547541161506
1.6,6.2,-2.71391977787201
1.6,6.22,-2.82878019875459
1.6,6.24,-2.95142927934917
1.6,6.26,-3.083414156013
1.6,6.28,-3.22647401848223
1.6,6.3,-3.38256232129888
1.6,6.32,-3.55387078378489
1.6,6.34,-3.74285044613598
1.6,6.36,-3.95222212458918
1.6,6.38,-4.18496427760678
1.6,6.4,-4.44426060582705
1.6,6.42,-4.73338383517898
1.6,6.44,-5.05548989555546
1.6,6.46,-5.41330692963778
1.6,6.48,-5.8087420248562
1.6,6.5,-6.24251471245686
1.6,6.52,-6.7140647098156
1.6,6.54,-7.22212028053746
1.6,6.56,-7.76630640554799
1.6,6.58,-8.34983867707536
1.6,6.6,-8.98272223676887
1.6,6.62,-9.68442471397138
1.6,6.64,-10.4853100266568
1.6,6.66,-11.4271074537184
1.6,6.68,-12.5632579043684
1.6,6.7,-13.9582536157671
1.6,6.72,-15.6755400921299
1.6,6.74,-17.7002695754039
1.6,6.76,-19.5970218574866
1.6,6.78,-19.9768907177182
1.6,6.8,-18.2102788831109
1.6,6.82,-15.7287069009569
1.6,6.84,-13.4435894067472
1.6,6.86,-11.5164130939856
1.6,6.88,-9.91228583162649
1.6,6.9,-8.57282931766458
1.6,6.92,-7.44811056005705
1.6,6.94,-6.49913589023501
1.6,6.96,-5.69556823996215
1.6,6.98,-5.01340364401562
1.6,7,-4.43328279322446
1.6,7.02,-3.93934848349303
1.6,7.04,-3.51847345248062
1.6,7.06,-3.15972222742654
1.6,7.08,-2.85395831890239
1.6,7.1,-2.59354330781252
1.6,7.12,-2.37209687397879
1.6,7.14,-2.18430010982406
1.6,7.16,-2.02573187267628
1.6,7.18,-1.89273187013219
1.6,7.2,-1.78228620445042
2,4.8,-0.733141211522912
2,4.82,-0.754659185073499
2,4.84,-0.797314031128848
2,4.86,-0.858204477137182
2,4.88,-0.936391758081905
2,4.9,-1.03223903011699
2,4.92,-1.14710030206532
2,4.94,-1.2832004850446
2,4.96,-1.44363309862249
2,4.98,-1.63244298734772
2,5,-1.8547831003258
2,5.02,-2.11714805140908
2,5.04,-2.42769847407662
2,5.06,-2.79670308823258
2,5.08,-3.23714444627962
2,5.1,-3.7655670902026
2,5.12,-4.40330822377278
2,5.14,-5.17837236744488
2,5.16,-6.12846185535474
2,5.18,-7.30621227171526
2,5.2,-8.78887410547008
2,5.22,-10.6973101790257
2,5.24,-13.2334275684689
2,5.26,-16.7239262101846
2,5.28,-21.0688461783504
2,5.3,-21.2173439489709
2,5.32,-17.0174252017769
2,5.34,-13.6323713775199
2,5.36,-11.1969447294818
2,5.38,-9.37923517972999
2,5.4,-7.97339759436966
2,5.42,-6.85700385104256
2,5.44,-5.95284675794196
2,5.46,-5.20933351776702
2,5.48,-4.5903615450272
2,5.5,-4.06976938290896
2,5.52,-3.62809682765119
2,5.54,-3.25058266998057
2,5.56,-2.92586604449829
2,5.58,-2.6451098428824
2,5.6,-2.40138937528781
2,5.62,-2.18925428051036
2,5.64,-2.00440703830685
2,5.66,-1.8434616283879
2,5.68,-1.70375793886894
2,5.7,-1.5832150710366
2,5.72,-1.48021167205564
2,5.74,-1.39348495770432
2,5.76,-1.32204280362015
2,5.78,-1.26508554268934
2,5.8,-1.22193606358067
2,5.82,-1.19197846000205
2,5.84,-1.17460671716615
2,5.86,-1.16918557408015
2,5.88,-1.17502563201476
2,5.9,-1.19137397367037
2,5.92,-1.2174201708078
2,5.94,-1.25231591293134
2,5.96,-1.29520499538336
2,5.98,-1.34525943324341
2,6,-1.40171723605964
2,6.02,-1.46391789471951
2,6.04,-1.53133271358966
2,6.06,-1.6035884795351
2,6.08,-1.68048430041138
2,6.1,-1.76200254915301
2,6.12,-1.84831560597666
2,6.14,-1.93979049410808
2,6.16,-2.0369936185152
2,6.18,-2.14069773860331
2,6.2,-2.25189312789602
2,6.22,-2.37180466490094
2,6.24,-2.50191638856388
2,6.26,-2.64400482056001
2,6.28,-2.80018202607128
2,6.3,-2.9729487974244
2,6.32,-3.16525723533719
2,6.34,-3.3805799687479
2,6.36,-3.62297976403538
2,6.38,-3.89716781131299
2,6.4,-4.20853156076309
2,6.42,-4.5631055315378
2,6.44,-4.9674576442499
2,6.46,-5.42848496608633
2,6.48,-5.95318387140644
2,6.5,-6.54861118431828
2,6.52,-7.22247979476893
2,6.54,-7.98502360275064
2,6.56,-8.85268601754422
2,6.58,-9.85366912185988
2,6.6,-11.0346735354406
2,6.62,-12.4675180143265
2,6.64,-14.250687919544
2,6.66,-16.471587455111
2,6.68,-18.9173519072001
2,6.7,-20.0283974029654
2,6.72,-18.1772119893008
2,6.74,-15.2758522357699
2,6.76,-12.6973002082663
2,6.78,-10.5998433482752
2,6.8,-8.90248542345377
2,6.82,-7.51839159411502
2,6.84,-6.38133742707883
2,6.86,-5.44219999115548
2,6.88,-4.66365413462111
2,6.9,-4.01648598106779
2,6.92,-3.47730591201523
2,6.94,-3.02712881365274
2,6.96,-2.65044306831894
2,6.98,-2.33454905438934
2,7,-2.06905237526596
2,7.02,-1.84545541994391
2,7.04,-1.65681999619581
2,7.06,-1.49748685949183
2,7.08,-1.36284325077279
2,7.1,-1.24913154655375
2,7.12,-1.15329296160791
2,7.14,-1.07284080847199
2,7.16,-1.005758391723
2,7.18,-0.950417238708311
2,7.2,-0.905512007015183
2.4,4.8,-0.723520108707461
2.4,4.82,-0.740468825345212
2.4,4.84,-0.778481127789715
2.4,4.86,-0.834248699239328
2.4,4.88,-0.906523409573346
2.4,4.9,-0.995382981653778
2.4,4.92,-1.10187876588051
2.4,4.94,-1.22788768654534
2.4,4.96,-1.37608589552994
2.4,4.98,-1.55000674084344
2.4,5,-1.75416898846328
2.4,5.02,-1.99427525384647
2.4,5.04,-2.27749135528563
2.4,5.06,-2.6128285843178
2.4,5.08,-3.0116664297389
2.4,5.1,-3.48847877027567
2.4,5.12,-4.06187280488129
2.4,5.14,-4.75613974262462
2.4,5.16,-5.60369989531078
2.4,5.18,-6.64922004047444
2.4,5.2,-7.95707986547241
2.4,5.22,-9.6260333316207
2.4,5.24,-11.8203341193873
2.4,5.26,-14.8375815165026
2.4,5.28,-19.1738076674644
2.4,5.3,-23.3668962472847
2.4,5.32,-19.8359133087724
2.4,5.34,-15.4552414442057
2.4,5.36,-12.4301851879421
2.4,5.38,-10.2597009157631
2.4,5.4,-8.62381376974665
2.4,5.42,-7.34740172449793
2.4,5.44,-6.32690373746199
2.4,5.46,-5.49619334474775
2.4,5.48,-4.81045917844674
2.4,5.5,-4.23796358895223
2.4,5.52,-3.75548531914873
2.4,5.54,-3.34562032939619
2.4,5.56,-2.99508799336198
2.4,5.58,-2.69361630529548
2.4,5.6,-2.43317909527322
2.4,5.62,-2.20745721945402
2.4,5.64,-2.01144763677346
2.4,5.66,-1.84117300489711
2.4,5.68,-1.69346111805134
2.4,5.7,-1.56577368931749
2.4,5.72,-1.45607049929188
2.4,5.74,-1.36269932170944
2.4,5.76,-1.2843051373398
2.4,5.78,-1.21975442499556
2.4,5.8,-1.16807201673137
2.4,5.82,-1.12838923510533
2.4,5.84,-1.0999028334996
2.4,5.86,-1.08184465012205
2.4,5.88,-1.07346189001634
2.4,5.9,-1.07400763421978
2.4,5.92,-1.08274065569715
2.4,5.94,-1.09893304667223
2.4,5.96,-1.12188368487953
2.4,5.98,-1.15093530859106
2.4,6,-1.18549299403678
2.4,6.02,-1.22504212608894
2.4,6.04,-1.2691644571625
2.4,6.06,-1.3175514602317
2.4,6.08,-1.37001479657913
2.4,6.1,-1.42649425612647
2.4,6.12,-1.48706394073804
2.4,6.14,-1.55193773781105
2.4,6.16,-1.62147528948211
2.4,6.18,-1.69618973500322
2.4,6.2,-1.77675852784261
2.4,6.22,-1.86403863673449
2.4,6.24,-1.95908744859325
2.4,6.26,-2.0631906960367
2.4,6.28,-2.17789869280598
2.4,6.3,-2.30507198053485
2.4,6.32,-2.4469369834076
2.4,6.34,-2.60615110141505
2.4,6.36,-2.78587430140449
2.4,6.38,-2.98983987521092
2.4,6.4,-3.22240962832232
2.4,6.42,-3.48858768026291
2.4,6.44,-3.79395353516356
2.4,6.46,-4.14446562868434
2.4,6.48,-4.54609773805447
2.4,6.5,-5.00432930100924
2.4,6.52,-5.52363125505518
2.4,6.54,-6.10720245843429
2.4,6.56,-6.75706884525125
2.4,6.58,-7.47386555010046
2.4,6.6,-8.25399751341487
2.4,6.62,-9.07989706536308
2.4,6.64,-9.89844205782442
2.4,6.66,-10.5894320546691
2.4,6.68,-10.9562608042772
2.4,6.7,-10.8113586099777
2.4,6.72,-10.1384462821272
2.4,6.74,-9.11818292394751
2.4,6.76,-7.97480393802587
2.4,6.78,-6.86152348374665
2.4,6.8,-5.85275161499359
2.4,6.82,-4.97354070341485
2.4,6.84,-4.22407230043876
2.4,6.86,-3.59353847664664
2.4,6.88,-3.06714721528582
2.4,6.9,-2.62952825490884
2.4,6.92,-2.26632746459047
2.4,6.94,-1.96487057178079
2.4,6.96,-1.71433942098272
2.4,6.98,-1.50569895786235
2.4,7,-1.33150933990963
2.4,7.02,-1.18569904871628
2.4,7.04,-1.06333972284585
2.4,7.06,-0.960442264706203
2.4,7.08,-0.873781539887393
2.4,7.1,-0.800750401221493
2.4,7.12,-0.739240602022396
2.4,7.14,-0.687546943867902
2.4,7.16,-0.644290816117157
2.4,7.18,-0.608359586292218
2.4,7.2,-0.578858792036679
